[
  {
    "Constant" : [

    ],
    "submodules" : [

    ],
    "Function" : [

    ],
    "Variable" : [

    ],
    "stripped_doc" : [

    ],
    "Deprecated" : [

    ],
    "type" : "Module",
    "desc" : "Assign hotkeys to manipulate the selected window.",
    "Constructor" : [

    ],
    "doc" : "Assign hotkeys to manipulate the selected window.\n\nDownload: [https:\/\/github.com\/k-obrien\/smudged-glass\/raw\/master\/SmudgedGlass.spoon.zip](https:\/\/github.com\/k-obrien\/smudged-glass\/raw\/master\/SmudgedGlass.spoon.zip)",
    "Method" : [
      {
        "desc" : "Binds hotkeys for SmudgedGlass",
        "stripped_doc" : [
          "Binds hotkeys for SmudgedGlass",
          ""
        ],
        "def" : "SmudgedGlass:bindHotKeys(map)",
        "doc" : "Binds hotkeys for SmudgedGlass\n\nParameters:\n\t * mapping - A table containing hotkey modifier\/key details for the following items:\n  * toggleGrid - Show\/Hide the interactive modal window management grid\n\t  * windowMaximise - Maximise focused window\n  * windowMaximiseCentre - Move and resize focused window to occupy centre half of screen\n\t  * windowLeft - Move and resize focused window to occupy left half of screen\n  * windowLeftTop - Move and resize focused window to occupy top left corner of screen\n  * windowLeftBottom - Move and resize focused window to occupy bottom left corner of screen\n\t  * windowRight - Move and resize focused window to occupy right half of screen\n  * windowRightTop - Move and resize focused window to occupy top right corner of screen\n  * windowRightBottom - Move and resize focused window to occupy bottom right corner of screen\n\t  * windowCentre - Centre focused window on screen\n\t  * windowNorth - Move focused window to screen above current\n\t  * windowSouth - Move focused window to screen below current\n\t  * windowWest - Move focused window to screen left of current\n\t  * windowEast - Move focused window to screen right of current",
        "notes" : [

        ],
        "signature" : "SmudgedGlass:bindHotKeys(map)",
        "type" : "Method",
        "returns" : [

        ],
        "name" : "bindHotKeys",
        "parameters" : [
          "\t * mapping - A table containing hotkey modifier\/key details for the following items:",
          "  * toggleGrid - Show\/Hide the interactive modal window management grid",
          "\t  * windowMaximise - Maximise focused window",
          "  * windowMaximiseCentre - Move and resize focused window to occupy centre half of screen",
          "\t  * windowLeft - Move and resize focused window to occupy left half of screen",
          "  * windowLeftTop - Move and resize focused window to occupy top left corner of screen",
          "  * windowLeftBottom - Move and resize focused window to occupy bottom left corner of screen",
          "\t  * windowRight - Move and resize focused window to occupy right half of screen",
          "  * windowRightTop - Move and resize focused window to occupy top right corner of screen",
          "  * windowRightBottom - Move and resize focused window to occupy bottom right corner of screen",
          "\t  * windowCentre - Centre focused window on screen",
          "\t  * windowNorth - Move focused window to screen above current",
          "\t  * windowSouth - Move focused window to screen below current",
          "\t  * windowWest - Move focused window to screen left of current",
          "\t  * windowEast - Move focused window to screen right of current"
        ]
      },
      {
        "desc" : "Set the grid size for window management",
        "stripped_doc" : [
          "Set the grid size for window management",
          ""
        ],
        "def" : "SmudgedGlass:start()",
        "doc" : "Set the grid size for window management\n\nParameters:\n * None",
        "notes" : [

        ],
        "signature" : "SmudgedGlass:start()",
        "type" : "Method",
        "returns" : [

        ],
        "name" : "start",
        "parameters" : [
          " * None"
        ]
      }
    ],
    "Command" : [

    ],
    "Field" : [

    ],
    "items" : [
      {
        "desc" : "Binds hotkeys for SmudgedGlass",
        "stripped_doc" : [
          "Binds hotkeys for SmudgedGlass",
          ""
        ],
        "def" : "SmudgedGlass:bindHotKeys(map)",
        "doc" : "Binds hotkeys for SmudgedGlass\n\nParameters:\n\t * mapping - A table containing hotkey modifier\/key details for the following items:\n  * toggleGrid - Show\/Hide the interactive modal window management grid\n\t  * windowMaximise - Maximise focused window\n  * windowMaximiseCentre - Move and resize focused window to occupy centre half of screen\n\t  * windowLeft - Move and resize focused window to occupy left half of screen\n  * windowLeftTop - Move and resize focused window to occupy top left corner of screen\n  * windowLeftBottom - Move and resize focused window to occupy bottom left corner of screen\n\t  * windowRight - Move and resize focused window to occupy right half of screen\n  * windowRightTop - Move and resize focused window to occupy top right corner of screen\n  * windowRightBottom - Move and resize focused window to occupy bottom right corner of screen\n\t  * windowCentre - Centre focused window on screen\n\t  * windowNorth - Move focused window to screen above current\n\t  * windowSouth - Move focused window to screen below current\n\t  * windowWest - Move focused window to screen left of current\n\t  * windowEast - Move focused window to screen right of current",
        "notes" : [

        ],
        "signature" : "SmudgedGlass:bindHotKeys(map)",
        "type" : "Method",
        "returns" : [

        ],
        "name" : "bindHotKeys",
        "parameters" : [
          "\t * mapping - A table containing hotkey modifier\/key details for the following items:",
          "  * toggleGrid - Show\/Hide the interactive modal window management grid",
          "\t  * windowMaximise - Maximise focused window",
          "  * windowMaximiseCentre - Move and resize focused window to occupy centre half of screen",
          "\t  * windowLeft - Move and resize focused window to occupy left half of screen",
          "  * windowLeftTop - Move and resize focused window to occupy top left corner of screen",
          "  * windowLeftBottom - Move and resize focused window to occupy bottom left corner of screen",
          "\t  * windowRight - Move and resize focused window to occupy right half of screen",
          "  * windowRightTop - Move and resize focused window to occupy top right corner of screen",
          "  * windowRightBottom - Move and resize focused window to occupy bottom right corner of screen",
          "\t  * windowCentre - Centre focused window on screen",
          "\t  * windowNorth - Move focused window to screen above current",
          "\t  * windowSouth - Move focused window to screen below current",
          "\t  * windowWest - Move focused window to screen left of current",
          "\t  * windowEast - Move focused window to screen right of current"
        ]
      },
      {
        "desc" : "Set the grid size for window management",
        "stripped_doc" : [
          "Set the grid size for window management",
          ""
        ],
        "def" : "SmudgedGlass:start()",
        "doc" : "Set the grid size for window management\n\nParameters:\n * None",
        "notes" : [

        ],
        "signature" : "SmudgedGlass:start()",
        "type" : "Method",
        "returns" : [

        ],
        "name" : "start",
        "parameters" : [
          " * None"
        ]
      }
    ],
    "name" : "SmudgedGlass"
  }
]
